JH,RQ,JS 井深,JC 进尺,ZY 钻压,ZS 转速,PL 排量,BYY 泵压,MD 密度,ND 粘度,ZTGF 钻头规范(直径),NBHD,QL10F,HSL 含沙量,CZJSJ 纯钻进时间,QXZSJ 起下钻时间,JDGSJ 接单根时间,HYSJ 划眼时间,HZTSJ 换钻头时间,XHNJSJ 循环泥浆时间,ZTCSSJ,CJSJ,GJSJ 测井时间,SZGSJ,CLNJSJ,SYSJ,FZGZSJ,SGSJ,XLSJ,ZZTGSJ,ZRTGSJ,CLFZSJ,QTSJ,BRZYGZ,PHZ,DC,YXMS,SCGC,CZWT,LXJSYSJ,CY,JY,MT,TF,ZJSD,ZJSS,JHR,ZBR,HBR,SBR,ZTXH,ZTCC,ZTLX,CJ,JG,PZZJ1,PZZJ2,PZZJ3,PZZJ4,PZZJ5,XRJS,QCJS,SZDC,LJJC,LJSJ,ZTXH1,ZTCC1,ZTLX1,CJ1,JG1,PZZJ11,PZZJ21,PZZJ31,PZZJ41,PZZJ51,XRJS1,QCJS1,SZDC1,LJJC1,LJSJ1,ZTBH,ZTBH1,XJ0,XJ1,XJ,SCSJ,FSCSJ,XTGSJ,HNSJ,SYSJ1
连6,1996-03-19,59.81999969,172.1299973,,92,60,10,1.149999976,,375*HP2S,,,0,00:50,,01:20,,,,,,,,,,,,,,,09:50,,接单根配泥浆钻进加重本日21:00-开,,,,,,,,,,,,,,,,,,,,,,,,,,,,,,,,,,,,,,,,,,,,,,,,,,,2:10,2:10,9:50,,,
连6,1996-03-20,231.9499969,77.55000305,50,127,60,10,1.220000029,160,375*HP2S,,,,13:35,,02:20,,,,,,,,,,02:05,,,,,06:00,,配浆加重钻进换冲管钻进,,,,,,,,,,,,,,,,,,,,,,,,,,,,,,,,,,,,,,,,,,,,,,,,,,,15:55,18:00,6:00,,,
连6,1996-03-21,309.5,0,50,127,60,10,1.210000038,160,375*HP2S,,,,06:25,,00:40,,,,,,16:55,,,,,,,,,,,钻进循环钻起钻下套管下钻循环固井起钻装井口,,,,,,,,,,,,,,,,,,,,,,,,,,,,,,,,,,,,,,,,,,,,,,,,,,,7:05,24:00,0:00,,,
连6,1996-03-22,309.5,114.6600037,,,,,,,,,,,,,,,,,,,24:00,,,,,,,,,,,侯凝装井口，整改设备,,,,,,,,,,,,,,,,,,,,,,,,,,,,,,,,,,,,,,,,,,,,,,,,,,,0:00,24:00,0:00,,,
连6,1996-03-23,424.1600037,276.7900085,100,127,32,17.5,1.090000033,30,216J22,,,0.300000012,07:10,,01:05,,,,,,15:05,,,,00:40,,,,,,,钻水泥赛下钻传达设计试压钻水泥赛，钻进,,,,,,,,,,,,,,,,,,,,,,,,,,,,,,,,,,,,,,,,,,,,,,,,,,,,,,,,
连6,1996-03-24,700.9500122,428.6499634,120,127,32,17.5,1.110000014,31,216J22,,,0.5,12:45,4:45,3:50,,0:30,,,,,,,,0:50,,,,,1:20,,钻进起钻检查钻具，整改电路，起钻环钻头，下钻钻进,,,,,,,,,,,,,,,,,,,,,,,,,,,,,,,,,,,,,,,,,,,,,,,,,,,21:50,22:40,1:20,,,
连6,1996-03-25,1129.599976,172.8000488,120,127,32,18,1.120000005,42,216J22,,,0.400000006,19:35,,03:45,,,,,,,,,,00:40,,,,,,,钻进，清锥形池，钻进,,,,,,,,,,,,,,,,,,,,,,,,,,,,,,,,,,,,,,,,,,,,,,,,,,,23:20,24:00,0:00,,,
连6,1996-03-26,1302.400024,95.31994629,120,127,32,18,1.120000005,40,216J22,,,0.400000006,17:50,,03:20,,,,,,,,,,02:50,,,,,,,钻进，换保护接头，单点测斜钻进,,,,,,,,,,,,,,,,,,,,,,,,,,,,,,,,,,,,,,,,,,,,,,,,,,,21:10,24:00,0:00,,,
连6,1996-03-27,1397.719971,128.3200684,120,127,32,16,1.120000005,41,216J22,,,0.400000006,10:50,9:00,1:35,,0:30,2:00,,,,,,,0:05,,,,,,,循环起钻环钻头，下钻走合钻进,,,,,,,,,,,,,,,,,,,,,,,,,,,,,,,,,,,,,,,,,,,,,,,,,,,23:55,24:00,0:00,,,
连6,1996-03-28,1526.040039,17.67993164,120,127,32,16,1.120000005,39,216J22,,,0.300000012,15:05,04:00,01:50,,,01:45,,,,,,,01:20,,,,,,,钻井单点测斜，修气路钻进循环观察，钻进起钻,,,,,,,,,,,,,,,,,,,,,,,,,,,,,,,,,,,,,,,,,,,,,,,,,,,22:40,24:00,0:00,,,
连6,1996-03-29,1543.719971,56.2800293,50,92,20,3,1.120000005,41,215PQ8-3,,,0.200000003,02:50,17:50,00:10,,,01:30,,,,,,,01:40,,,,,,,起钻接芯筒，下钻循环，取芯钻进起钻,,,,,,,,,,,,,,,,,,,,,,,,,,,,,,,,,,,,,,,,,,,,,,,,,,,22:20,24:00,0:00,,,
连6,1996-03-30,1600,0,50,92,20,3,1.120000005,41,215PQ8-1/216J22,,0.200000003,06:20,10:10,01:00,,01:00,01:30,,,,,,,04:00,,,,,,,起钻顶芯下钻取芯钻进，起钻换刹带顶芯下钻钻进,,,,,,,,,,,,,,,,,,,,,,,,,,,,,,,,,,,,,,,,,,,,,,,,,,,20:00,24:00,0:00,,,,
连6,1996-03-31,1600,0,,,,,,,,,,,,,,,,,24:00,,,,,,,,,,,,循环，短起下，循环起钻测井,,,,,,,,,,,,,,,,,,,,,,,,,,,,,,,,,,,,,,,,,,,,,,,,,,,0:00,24:00,0:00,,,,
连6,1996-04-01,1600,0,,,,,,,,,,,,,,,,,08:00,16:00,,,,,,,,,,,测井，下钻，循环，起钻，下套管,,,,,,,,,,,,,,,,,,,,,,,,,,,,,,,,,,,,,,,,,,,,,,,,,,,0:00,24:00,0:00,,,,
连6,1996-04-02,1600,0,,,,,,,,,,,,,,,,,,24:00,,,,,,,,,,,下套管，固井，侯凝，座井口,,,,,,,,,,,,,,,,,,,,,,,,,,,,,,,,,,,,,,,,,,,,,,,,,,,0:00,24:00,0:00,,,,
连6,1996-04-03,1600,0,,,,,,,,,,,,,,,,,,12:00,,,,,,,,,,,侯凝，绷钻具，测三洋，21:00完井,,,,,,,,,,,,,,,,,,,,,,,,,,,,,,,,,,,,,,,,,,,,,,,,,,,0:00,12:00,0:00,,,,
玉东4,1997-08-09,369.5,0,10,93,58,2,1.039999962,,444X22,,,8:17,,2:43,,,,,,,,,,,,,,,,,整改  钻进,,,,,,,,,,,,,,,,,,,,,,,,,,,,,,,,,,,,,,,,,,,,,,,,,,,11:00,11:00,0:00,,,,
玉东4,1997-08-10,369.5,250.5800171,50,78,58,8,1.059999943,85,444X22,,,2:48,2:00,0:12,,,0:30,,,18:30,,,,,,,,,,,钻进 循环  起钻 下套管 固井 候凝,,,,,,,,,,,,,,,,,,,,,,,,,,,,,,,,,,,,,,,,,,,,,,,,,,,5:30,24:00,0:00,,,,
玉东4,1997-08-11,620.0800171,947.1399536,30,120,48,9,0,0,241ATM11,,,3:52,,1:18,,,,,,18:40,,,,0:10,,,,,,,候凝  钻进,,,,,,,,,,,,,,,,,,,,,,,,,,,,,,,,,,,,,,,,,,,,,,,,,,,5:10,24:00,0:00,,,,
玉东4,1997-08-12,1567.219971,183.7800293,140,120,48,17,1.049999952,19,241ATM11,,0.200000003,19:18,,4:32,,,0:10,,,,,,,,,,,,,,全天钻进,,,,,,,,,,,,,,,,,,,,,,,,,,,,,,,,,,,,,,,,,,,,,,,,,,,,,,,,,
玉东4,1997-08-13,1751,364.6298828,150,120,48,17,1.090000033,24,241ATM11,,0.200000003,13:14,7:10,0:55,,,1:00,,,,,,,1:41,,0:35,,,,,钻进 循环 起下钻  钻进,,,,,,,,,,,,,,,,,,,,,,,,,,,,,,,,,,,,,,,,,,,,,,,,,,,,,,,,,
玉东4,1997-08-14,2115.629883,107.3701172,150,93,48,17,1.100000024,24,241ATM11,,0.200000003,20:22,,2:03,,,,,,,,,,1:00,,,,,,,全天 钻进,,,,,,,,,,,,,,,,,,,,,,,,,,,,,,,,,,,,,,,,,,,,,,,,,,,,,,,,,
玉东4,1997-08-15,2223,184,120,93,48,18,1.149999976,23,241ATM22,,0.200000003,11:54,9:15,0:36,,,1:25,,,,,,,0:50,,,,,,,钻进 循环  起下钻 钻进,,,,,,,,,,,,,,,,,,,,,,,,,,,,,,,,,,,,,,,,,,,,,,,,,,,,,,,,,
玉东4,1997-08-16,2407,155.1000977,120,93,48,18,1.159999967,25,241ATM22,,0.200000003,22:30,,1:11,,,,,,,,,,0:19,,,,,,,全体钻进,,,,,,,,,,,,,,,,,,,,,,,,,,,,,,,,,,,,,,,,,,,,,,,,,,,,,,,,,
玉东4,1997-08-17,2562.100098,66.89990234,120,93,48,18,1.159999967,25,241ATM22,,0.200000003,20:42,1:10,0:48,,,0:50,,,,,,,0:30,,,,,,,钻进 循环 起钻,,,,,,,,,,,,,,,,,,,,,,,,,,,,,,,,,,,,,,,,,,,,,,,,,,,,,,,,,
玉东4,1997-08-18,2629,0.800048828,120,93,48,17,1.159999967,27,241ATM22,,0.200000003,11:01,12:15,0:21,,0:10,,,,,,,,0:13,,,,,,,起下钻  循环 起钻,,,,,,,,,,,,,,,,,,,,,,,,,,,,,,,,,,,,,,,,,,,,,,,,,,,,,,,,,
玉东4,1997-08-19,2629.800049,229.6999512,180,93,48,18,1.159999967,24,241ATM22,,0.200000003,8:25,12:43,0:18,,0:10,2:24,,,,,,,,,,,,,,下钻  钻进 循环 起下钻  钻进,,,,,,,,,,,,,,,,,,,,,,,,,,,,,,,,,,,,,,,,,,,,,,,,,,,,,,,,,
玉东4,1997-08-20,2859.5,86.5,160,93,48,17,1.159999967,31,241ATM22,,0.200000003,22:29,,0:54,,,0:22,,,,,,,0:15,,,,,,,全天钻进,,,,,,,,,,,,,,,,,,,,,,,,,,,,,,,,,,,,,,,,,,,,,,,,,,,,,,,,,
玉东4,1997-08-21,2946,7.820068359,160,93,48,17,1.159999967,31,241ATM22,,0.200000003,15:25,6:45,0:27,,,1:23,,,,,,,,,,,,,,钻进 循环  起钻,,,,,,,,,,,,,,,,,,,,,,,,,,,,,,,,,,,,,,,,,,,,,,,,,,,,,,,,,
玉东4,1997-08-22,2953.820068,26.17993164,60,78,20,5,1.159999967,31,216PDC,,0.200000003,6:05,16:15,,,,1:40,,,,,,,,,,,,,,起钻 下钻 划眼划眼 钻进起下钻,,,,,,,,,,,,,,,,,,,,,,,,,,,,,,,,,,,,,,,,,,,,,,,,,,,,,,,,,
玉东4,1997-08-23,2980,7.060058594,160,93,48,17,1.220000029,45,241ATM22,,0.200000003,6:12,12:00,0:06,1:25,,1:37,,,,,,,2:40,,,,,,,扩眼 钻进  循环 起下钻 循环,,,,,,,,,,,,,,,,,,,,,,,,,,,,,,,,,,,,,,,,,,,,,,,,,,,,,,,,,
玉东4,1997-08-24,2987.060059,37.06005859,60,78,20,5.5,1.24000001,35,216PDC,,0.200000003,12:19,9:05,0:06,0:45,,1:45,,,,,,,,,,,,,,循环 取芯 起下钻 扩眼  钻进,,,,,,,,,,,,,,,,,,,,,,,,,,,,,,,,,,,,,,,,,,,,,,,,,,,,,,,,,
玉东4,1997-08-25,3024.120117,44.87988281,60,78,20,5.5,1.24000001,36,216PDC,,0.200000003,8:47,12:30,0:03,,,2:40,,,,,,,,,,,,,,钻进 循环 起下钻 循环 取芯 起钻,,,,,,,,,,,,,,,,,,,,,,,,,,,,,,,,,,,,,,,,,,,,,,,,,,,,,,,,,
玉东4,1997-08-26,3069,16.5,160,93,48,17,1.24000001,36,241ATM22,,0.200000003,11:52,8:50,0:15,0:55,,1:38,,,,,,,0:30,,,,,,,起下钻 扩眼  钻进 起下钻,,,,,,,,,,,,,,,,,,,,,,,,,,,,,,,,,,,,,,,,,,,,,,,,,,,,,,,,,
玉东4,1997-08-27,3085.5,11.5,6,78,20,6,1.25,35,216PDC,,0.200000003,9:25,11:35,,,,3:00,,,,,,,,,,,,,,下钻 循环取芯 起下钻 循环 取芯,,,,,,,,,,,,,,,,,,,,,,,,,,,,,,,,,,,,,,,,,,,,,,,,,,,24:01,24:01,0:00,,,,
玉东4,1997-08-28,3097,17.51000977,6,78,20,6,1.25,35,216PDC,,0.200000003,1:42,17:17,0:03,0:50,1:20,2:48,,,,,,,,,,,,,,起下钻 扩眼 钻进 循环起下钻  循环,,,,,,,,,,,,,,,,,,,,,,,,,,,,,,,,,,,,,,,,,,,,,,,,,,,,,,,,,
玉东4,1997-08-29,3114.51001,84.48999023,140,78,20,6,1.25,35,216PDC,,0.200000003,8:28,13:20,,,,2:12,,,,,,,,,,,,,,循环 取芯 起下钻 取芯 起下钻,,,,,,,,,,,,,,,,,,,,,,,,,,,,,,,,,,,,,,,,,,,,,,,,,,,,,,,,,
玉东4,1997-08-30,3199,51,160,93,48,18,1.25999999,44,241ATM22,,0.200000003,13:03,5:56,0:03,2:34,,,,,,,,,2:24,,,,,,,起下钻 扩眼 钻进,,,,,,,,,,,,,,,,,,,,,,,,,,,,,,,,,,,,,,,,,,,,,,,,,,,25:36,28:00,0:00,,,,
玉东4,1997-08-31,3250,0,160,93,48,18,1.25999999,33,241ATM22,,0.200000003,20:45,1:00,0:15,,,2:00,,,,,,,,,,,,,,钻进 循环  拉井壁 起钻,,,,,,,,,,,,,,,,,,,,,,,,,,,,,,,,,,,,,,,,,,,,,,,,,,,24:00,24:00,0:00,,,,
玉东4,1997-09-01,3250,0,,78,48,17,1.25,34,241ATM22,,0.200000003,,,,,,,,12:00,,,,,,12:00,,,,,,循环 起钻  电测 探电缆鱼头,,,,,,,,,,,,,,,,,,,,,,,,,,,,,,,,,,,,,,,,,,,,,,,,,,,0:00,12:00,12:00,,,,
玉东4,1997-09-02,3250,0,,78,50,17,1.25,32,241ATM22,,0.200000003,,,,,,,,6:00,,,,,,18:00,,,,,,打捞电测  下钻  循环  起钻  电测,,,,,,,,,,,,,,,,,,,,,,,,,,,,,,,,,,,,,,,,,,,,,,,,,,,0:00,6:00,18:00,,,,
玉东4,1997-09-03,3250,0,,,,,,,,,,,,,,,,,10:00,,,,,,14:00,,,,,,电测 卡电缆 处理事故,,,,,,,,,,,,,,,,,,,,,,,,,,,,,,,,,,,,,,,,,,,,,,,,,,,0:00,10:00,14:00,,,,
玉东4,1997-09-04,3250,0,,,,,,,,,,,,,,,,,,,,,,,24:00,,,,,,探电缆鱼头  打捞电测仪器  打捞出电缆  等工具,,,,,,,,,,,,,,,,,,,,,,,,,,,,,,,,,,,,,,,,,,,,,,,,,,,0:00,0:00,24:00,,,,
玉东4,1997-09-05,3250,0,,,,,,,,,,,,,,,,,,,,,,,24:00,,,,,,等工具 下打捞筒  划眼 卡钻,,,,,,,,,,,,,,,,,,,,,,,,,,,,,,,,,,,,,,,,,,,,,,,,,,,0:00,0:00,24:00,,,,
玉东4,1997-09-06,3250,0,,,,,,,,,,,,,,,,,,,,,,,24:00,,,,,,等原油  打原油 解卡  循环  起下钻,,,,,,,,,,,,,,,,,,,,,,,,,,,,,,,,,,,,,,,,,,,,,,,,,,,0:00,0:00,24:00,,,,
玉东4,1997-09-07,3250,0,,,,,,,,,,,,,,,,,,,,,,,24:00,,,,,,处理钻井液  起下钻 循环,,,,,,,,,,,,,,,,,,,,,,,,,,,,,,,,,,,,,,,,,,,,,,,,,,,0:00,0:00,35:00,,,,
玉东4,1997-09-08,3250,0,,,,,,,,,,,,,,,,,4:10,,,,,,7:50,,,,11:00,,循环 起钻 电测 通井,,,,,,,,,,,,,,,,,,,,,,,,,,,,,,,,,,,,,,,,,,,,,,,,,,,0:00,4:10,7:50,,,,
玉东4,1997-09-09,3250,0,,,,,,,,,,,,,,,,,21:22,,,,,,,,,,2:38,,起钻 电测,,,,,,,,,,,,,,,,,,,,,,,,,,,,,,,,,,,,,,,,,,,,,,,,,,,0:00,21:22,0:00,,,,
玉东4,1997-09-10,3250,0,,,,,,,,,,,,,,,,,20:48,4:12,,,,,,,,,,,电测 下钻,,,,,,,,,,,,,,,,,,,,,,,,,,,,,,,,,,,,,,,,,,,,,,,,,,,0:00,25:00,0:00,,,,
玉东4,1997-09-11,3250,0,,,,,,,,,,,,,,,,,,24:00,,,,,,,,,,,起下钻 下套管,,,,,,,,,,,,,,,,,,,,,,,,,,,,,,,,,,,,,,,,,,,,,,,,,,,0:00,24:00,0:00,,,,
玉东4,1997-09-12,3250,0,,,,,,,,,,,,,,,,,,24:00,,,,,,,,,,,固井 候凝,,,,,,,,,,,,,,,,,,,,,,,,,,,,,,,,,,,,,,,,,,,,,,,,,,,0:00,24:00,0:00,,,,
玉东4,1997-09-13,3250,0,,,,,,,,,,,,,,,,,,15:00,,,,,,,,,,,测声幅 完井,,,,,,,,,,,,,,,,,,,,,,,,,,,,,,,,,,,,,,,,,,,,,,,,,,,0:00,15:00,0:00,,,,
鲁7,1998-08-21,69.16000366,337.3299866,40,120,60,4,1.120000005,120,444.5xHP2s,,1,9:20,0,2:40,0,0,0,0,0,0,0,0,0,0,0,0,0,0,0,,一开钻进。1998.8.21.21：00,,地层,岩性,,,0:0,0,0,0,0,0,0,计划,值班,毛礼,收报人,1,444,P2,,,22,22,22,0.00,0.00,0,202,,202.00,5:00,2,311,HA517G,,,22,22,22,0.00,0.00,0,202,,380.00,0.00,1,12041,,,12:00,12:00,0:00,,,,
鲁7,1998-08-22,406.4899902,27.01000977,50,120.00,60,5,1.139999986,80,444.5xHP2s,,1,20:05,0,3:45,0,0,0,0,0,0,0,0,0,0:10,0,0,0,0,0,,钻进,,地层,岩性,,,0:0,0,0,0,0,0,0,计划,值班,毛礼,收报人,1,444,P2,,,22,22,22,0.00,0.00,0,202,,202.00,5:00,2,311,HA517G,,,22,22,22,0.00,0.00,0,202,,380.00,0.00,1,12041,,,23:50,24:00,0:00,,,,
鲁7,1998-08-23,433.5,0,120,120.00,60,8,1.139999986,64,444.5xHP2s,,0.5,5:10,2:25,0:15,0,0,2:00,0,6:40,6:20,0,0,0,0:25,0,0:45,0,0,0,,钻进、起钻、测井、下套管,,地层,岩性,,,0:0,0,0,0,0,0,0,计划,值班,毛礼,收报人,1,444,P2,,,22,22,22,0.00,0.00,0,202,,202.00,5:00,2,311,HA517G,,,22,22,22,0.00,0.00,0,202,,380.00,0.00,1,12041,,,9:50,23:15,0:45,,,,
鲁7,1998-08-24,433.5,245.5,,,,,,,,,,0,0,0,0,0,0,0,0,24:00,0,0,0,0,0,0,0,0,0,,固井、装井口,,地层,岩性,,,0:0,0,0,0,0,0,0,计划,值班,毛礼,收报人,1,444,P2,,,22,22,22,0.00,0.00,0,202,,202.00,5:00,2,311,HA517G,,,22,22,22,0.00,0.00,0,202,,380.00,0.00,1,12041,,,,24:00,,,,,
鲁7,1998-08-25,679,324.1699829,100,120.00,53,18,1.049999952,26,241mmH517,,0.400000006,10:15,0,2:15,0,0,0,0,0,11:30,0,0,0,0,0,0,0,0,0,,下钻、钻水泥塞、钻进、二开.1998.8.25,,地层,岩性,,,0:0,0,0,0,0,0,0,计划,值班,毛礼,收报人,1,444,P2,,,22,22,22,0.00,0.00,0,202,,202.00,5:00,2,311,HA517G,,,22,22,22,0.00,0.00,0,202,,380.00,0.00,1,12041,,,12:30,24:00,0:00,,,,
鲁7,1998-08-26,1003.169983,344.5800171,160,120,53,18,1.110000014,32,241mmH517,,0.300000012,20:50,0,2:40,0,0,0,0,0,0,0,0,0,0:30,0,0,0,0,0,,钻进,,地层,岩性,,,0:0,0,0,0,0,0,0,计划,值班,毛礼,收报人,1,444,P2,,,22,22,22,0.00,0.00,0,202,,202.00,5:00,2,311,HA517G,,,22,22,22,0.00,0.00,0,202,,380.00,0.00,1,12041,,,23:30,24:00,0:00,,,,
鲁7,1998-08-27,1347.75,143.5500488,160,120.00,53,18,1.110000014,54,241mmH517,,0.300000012,18:40,0:50,3:00,0,0,1:20,0,0:10,0,0,0,0,0,0,0,0,0,0,,钻进，循环泥浆,,地层,岩性,,,0:0,0,0,0,0,0,0,计划,值班,毛礼,收报人,1,444,P2,,,22,22,22,0.00,0.00,0,202,,202.00,5:00,2,311,HA517G,,,22,22,22,0.00,0.00,0,202,,380.00,0.00,1,12041,,,23:50,24:00,0:00,,,,
鲁7,1998-08-28,1491.300049,354.4199219,160,120.00,32,18,1.120000005,41,241mmH517,,0.300000012,10:45,10:00,1:15,0,0,1:00,0,0,0,0,0,0,1:00,0,0,0,0,0,,钻进，循环泥浆,,地层,岩性,,,0:0,0,0,0,0,0,0,计划,值班,毛礼,收报人,1,444,P2,,,22,22,22,0.00,0.00,0,202,,202.00,5:00,2,311,HA517G,,,22,22,22,0.00,0.00,0,202,,380.00,0.00,1,12041,,,23:00,24:00,0:00,,,,
鲁7,1998-08-29,1845.719971,138.2800293,160,120.00,32,18,1.129999995,44,241mmH517,,0.300000012,19:45,0,3:15,0,0,0,0,0,0,0,0,0,1:00,0,0,0,0,0,,钻进,,地层,岩性,,,0:0,0,0,0,0,0,0,计划,值班,毛礼,收报人,1,444,P2,,,22,22,22,0.00,0.00,0,202,,202.00,5:00,2,311,HA517G,,,22,22,22,0.00,0.00,0,202,,380.00,0.00,1,12041,,,23:00,24:00,0:00,,,,
鲁7,1998-08-30,1984,160.9399414,180,120.00,32,18,1.149999976,35,241mmH517,,0.300000012,9:10,10:45,1:15,0,0:15,2:20,0,0,0,0,0,0,0:15,0,0,0,0,0,,钻进、起钻、下钻,,地层,岩性,,,0:0,0,0,0,0,0,0,计划,值班,毛礼,收报人,1,444,P2,,,22,22,22,0.00,0.00,0,202,,202.00,5:00,2,311,HA517G,,,22,22,22,0.00,0.00,0,202,,380.00,0.00,1,12041,,,23:45,24:00,0:00,,,,
鲁7,1998-08-31,2144.939941,146,160,120.00,32,18,1.159999967,85,241mmH517,,0.300000012,17:25,2:00,1:25,0,0,3:10,0,0,0,0,0,0,0,0,0,0,0,0,,下钻、钻进,,地层,岩性,,,0:0,0,0,0,0,0,0,计划,值班,毛礼,收报人,1,444,P2,,,22,22,22,0.00,0.00,0,202,,202.00,5:00,2,311,HA517G,,,22,22,22,0.00,0.00,0,202,,380.00,0.00,1,12041,,,24:00,24:00,0:00,,,,
鲁7,1998-09-01,2290.939941,98.36010742,160,120.00,32,18,1.190000057,56,241mmH517,,0.300000012,20:00,0,1:20,0,0,2:10,0,0,0,0,0,0,0:30,0,0,0,0,0,,钻进,,地层,岩性,,,0:0,0,0,0,0,0,0,计划,值班,毛礼,收报人,1,444,P2,,,22,22,22,0.00,0.00,0,202,,202.00,5:00,2,311,HA517G,,,22,22,22,0.00,0.00,0,202,,380.00,0.00,1,12041,,,23:30,24:00,0:00,,,,
鲁7,1998-09-02,2389.300049,71.5,180,120.00,32,18,1.200000048,55,241mmH517,,0.300000012,9:40,9:50,0:50,0,0:10,3:00,0,0,0,0,0,0,0:30,0,0,0,0,0,,钻进,,地层,岩性,,,0:0,0,0,0,0,0,0,计划,值班,毛礼,收报人,1,444,P2,,,22,22,22,0.00,0.00,0,202,,202.00,5:00,2,311,HA517G,,,22,22,22,0.00,0.00,0,202,,380.00,0.00,1,12041,,,23:30,24:00,0:00,,,,
鲁7,1998-09-03,2460.800049,19.19995117,180,60,32,18,1.24000001,55,241mmH517,,0.300000012,11:50,5:10,0:40,0,0,6:00,0,0,0,0,0,0,0:20,0,0,0,0,0,,钻进、起下钻、循环泥浆,,地层,岩性,,,0:0,0,0,0,0,0,0,计划,值班,毛礼,收报人,1,444,P2,,,22,22,22,0.00,0.00,0,202,,202.00,5:00,2,311,HA517G,,,22,22,22,0.00,0.00,0,202,,380.00,0.00,1,12041,,,23:40,24:00,0:00,,,,
鲁7,1998-09-04,2480,60.42993164,60,60.00,20,6,1.24000001,55,216PQ8-2,,0.300000012,3:40,15:40,0:10,1:00,0,1:30,0,0,0,0,0,0,2:00,0,0,0,0,0,,起下钻、取芯钻进,,地层,岩性,,,0:0,0,0,0,0,0,0,计划,值班,毛礼,收报人,1,444,P2,,,22,22,22,0.00,0.00,0,202,,202.00,5:00,2,311,HA517G,,,22,22,22,0.00,0.00,0,202,,380.00,0.00,1,12041,,,22:00,24:00,0:00,,,,
鲁7,1998-09-05,2540.429932,52.76000977,180,60.00,32,18,1.24000001,55,241mmH517,,0.300000012,9:40,9:00,0:30,0,0,4:20,0,0,0,0,0,0,0:30,0,0,0,0,0,,钻进、起下钻、取芯钻进、地面循环,,地层,岩性,,,0:0,0,0,0,0,0,0,计划,值班,毛礼,收报人,1,444,P2,,,22,22,22,0.00,0.00,0,202,,202.00,5:00,2,311,HA517G,,,22,22,22,0.00,0.00,0,202,,380.00,0.00,1,12041,,,23:30,24:00,0:00,,,,
鲁7,1998-09-06,2593.189941,82.81005859,180,60.00,32,18,1.24000001,51,241mmH517,,0.300000012,10:35,10:00,0:25,0:50,0:20,1:10,0,0,0,0,0,0,0:40,0,0,0,0,0,,取芯钻进、起钻、顶芯、下钻、钻进,,地层,岩性,,,0:0,0,0,0,0,0,0,计划,值班,毛礼,收报人,1,444,P2,,,22,22,22,0.00,0.00,0,202,,202.00,5:00,2,311,HA517G,,,22,22,22,0.00,0.00,0,202,,380.00,0.00,1,12041,,,23:20,24:00,0:00,,,,
鲁7,1998-09-07,2676,69,180,60.00,32,18,1.24000001,45,241mmH517,,0.300000012,10:20,8:10,0:40,0,0,4:20,0,0,0,0,0,0,0:30,0,0,0,0,0,,钻进、起下钻,,地层,岩性,,,0:0,0,0,0,0,0,0,计划,值班,毛礼,收报人,1,444,P2,,,22,22,22,0.00,0.00,0,202,,202.00,5:00,2,311,HA517G,,,22,22,22,0.00,0.00,0,202,,380.00,0.00,1,12041,,,23:30,24:00,0:00,,,,
鲁7,1998-09-08,2745,5,180,60.00,32,18,1.24000001,44,PQ8-2/H517,,0.300000012,9:55,10:30,0:35,0:30,0,1:30,0,0,0,0,0,0,1:00,0,0,0,0,0,,取芯钻进、起下钻、钻进,,地层,岩性,,,0:0,0,0,0,0,0,0,计划,值班,毛礼,收报人,1,444,P2,,,22,22,22,0.00,0.00,0,202,,202.00,5:00,2,311,HA517G,,,22,22,22,0.00,0.00,0,202,,380.00,0.00,1,12041,,,23:00,24:00,0:00,,,,
鲁7,1998-09-09,2750,0,180,60.00,32,18,1.24000001,42,241mmH517,,0.300000012,1:30,5:00,0,0,0,2:00,0,15:30,0,0,0,0,0,0,0,0,0,0,,钻进、起钻、测井,,地层,岩性,,,0:0,0,0,0,0,0,0,计划,值班,毛礼,收报人,1,444,P2,,,22,22,22,0.00,0.00,0,202,,202.00,5:00,2,311,HA517G,,,22,22,22,0.00,0.00,0,202,,380.00,0.00,1,12041,,,8:30,24:00,0:00,,,,
鲁7,1998-09-10,2750,0,,,,,,,,,,0,0,0,0,0,0,0,24:00,0,0,0,0,0,0,0,0,0,0,,测井,,地层,岩性,,,0:0,0,0,0,0,0,0,计划,值班,毛礼,收报人,1,444,P2,,,22,22,22,0.00,0.00,0,202,,202.00,5:00,2,311,HA517G,,,22,22,22,0.00,0.00,0,202,,380.00,0.00,1,12041,,,0:00,24:00,0:00,,,,
鲁7,1998-09-11,2750,0,,,,,,,,,,0,0,0,0,0,0,0,7:00,0,0,0,0,0,0,0,17:00,0,0,,测井、等指令,,地层,岩性,,,0:0,0,0,0,0,0,0,计划,值班,毛礼,收报人,1,444,P2,,,22,22,22,0.00,0.00,0,202,,202.00,5:00,2,311,HA517G,,,22,22,22,0.00,0.00,0,202,,380.00,0.00,1,12041,,,0:00,7:00,17:00,,,,
鲁7,1998-09-12,2750,0,,,,,,,,,,0,0,0,0,0,0,0,0,0,0,0,0,0,0,0,24:00,0,0,,等指令,,地层,岩性,,,0:0,0,0,0,0,0,0,计划,值班,毛礼,收报人,1,444,P2,,,22,22,22,0.00,0.00,0,202,,202.00,5:00,2,311,HA517G,,,22,22,22,0.00,0.00,0,202,,380.00,0.00,1,12041,,,0:00,0:00,24:00,,,,
鲁7,1998-09-13,2750,0,,,,,,,,,,0,0,0,0,0,0,0,0,2:00,0,0,0,0,0,0,5:00,0,0,,等指令、打水泥塞帽完井、完井时间、1998.9.13.16:00,,地层,岩性,,,0:0,0,0,0,0,0,0,计划,值班,毛礼,收报人,1,444,P2,,,22,22,22,0.00,0.00,0,202,,202.00,5:00,2,311,HA517G,,,22,22,22,0.00,0.00,0,202,,380.00,0.00,1,12041,,,0,2:00,5:00,,,,
巴22,1992-7-22,21,25.58000183,30,73,55,10,1.129999995,40,444.50mmP3,,0,3:50,,0:30,,,,,,,,,,0:30,,,,,,,4:10开钻进，换2号泵凡尔体 钻进,,,,,,,,,,,,,,,,,,,,,,,,,,,,,,,.201388888888889,,,,,,,,,,,,,,,,,,,,4:20,4:50,0:00,,,,
巴22,1992-7-23,46.58000183,30.22000122,30,73,55,10,1.299999952,31,444.50mmP2,,0,14:50,,0:50,,,,,,,,,,8:20,,,,,,,"钻进，换凡尔体钻进，换活塞，钻进，加搬土，固定转盘
",,,,,,,,,,,,,,,,,,,,,,,,,,,,,,,1,,,,,,,,,,,,,,,,,,,,15:40,24:00,0:00,,,,
巴22,1992-7-24,76.80000305,70.95999146,50,117,55,17,1.139999986,112,444.50mmP2,,0,12:20,2:30,0:45,,0:30,,,,,,,,7:55,,,,,,,钻进，换凡尔体，钻进，固定转盘，钻进，起钻，换钻头，下钻，钻进,,,,,,,,,,,,,,,,,,,,,,,,,,,,,,,1,,,,,,,,,,,,,,,,,,,,16:05,24:00,0:00,,,,
巴22,1992-7-25,147.7599945,72.24000549,50,117,55,17,1.100000024,98,444.50mmP2,,0,18:20,,1:45,,,,,,,,,,1:45,,2:10,,,,,"保养，钻进,修泵，钻进，换活塞，钻进",,,,,,,,,,,,,,,,,,,,,,,,,,,,,,,1,,,,,,,,,,,,,,,,,,,,20:05,21:50,2:10,,,,
巴22,1992-7-26,220,,50,117,55,18,1.120000005,72,,,0,14:40,4:50,0:50,,0:30,1:00,,2:00,,,,,0:10,,,,,,,钻进，起下钻，钻进，起钻，电测,,,,,,,,,,,,,,,,,,,,,,,,,,,,,,,1,,,,,,,,,,,,,,,,,,,,21:50,24:00,0:00,,,,
巴21,1992-07-28,190,91,150,117,63,15,1.110000014,82,444.5mm X22,,0.5,14:45,,3:04,0:46,,3:00,,,,,,,2:25,,,,,,,"0:10循环,16:05钻进,17:00换缸套,24:00钻进.",,,,,,,,,,,,,,,,,,,,,,,,,,,,,,,,,,,,,,,,,,,,,,,,,,,21:35,24:00,0:00,,,,
巴21,1992-07-29,281,,150,117,63,15,1.169999957,95,444.5mm X22,,0.300000012,12:37,2:30,2:05,,,4:19,,0:55,,,,,0:44,,,,,0:50,,"17:00钻进,19:45循环,22:15起钻,23:10电测(遇阻),24:00下钻通井.",,,,,,,,,,,,,,,,,,,,,,,,,,,,,,,,,,,,,,,,,,,,,,,,,,,21:31,23:10,0:50,,,,
巴21,1992-07-30,0,,0,,63,10,1.169999957,50,445.5mm P2,,0.300000012,,,,,,,,2:50,,,,,,,,0:30,,20:40,,"2:40下钻,4:30循环,6:30起钻,7:00等电测,7:50电测,22:00通井,24:00电测.",,,,,,,,,,,,,,,,,,,,,,,,,,,,,,,,,,,,,,,,,,,,,,,,,,,0:00,2:50,21:10,,,,
巴21,1992-07-31,0,,0,,63,10,1.169999957,64,445.5mm P2,,0.300000012,,,,,,,,,8:10,,,,5:00,,,,,10:50,,"1,00下套管准备,8:10下套管,10:30起套管,24:00通井.",,,,,,,,,,,,,,,,,,,,,,,,,,,,,,,,,,,,,,,,,,,,,,,,,,,0:00,13:10,10:50,,,,
巴21,1992-08-01,281,0,0,,63,13,1.169999957,80,445.5mm P2,,0.200000003,,,,,,,,,5:40,,,,,,,,,18:20,,"9:30划眼,11:30起钻,14:00卸扶正器,15:55下钻,16:40循环,18:20起钻,24:00下套管.",,,,,,,,,,,,,,,,,,,,,,,,,,,,,,,,,,,,,,,,,,,,,,,,,,,0:00,5:40,18:20,,,,
巴21,1992-08-02,281,0,0,,0,0,0,0,,,0,,,,,,,,,16:58,,,,,,,7:02,,,,"1:50下套管,3:00循环,10:02等固井,24:00候凝,搞井口.",,,,,,,,,,,,,,,,,,,,,,,,,,,,,,,,,,,,,,,,,,,,,,,,,,,0:00,16:58,7:02,,,,
巴21,1992-08-03,281,131.8299866,0,,0,0,0,0,,,0,,,,,,,,,24:00,,,,,,,,,,,"装封井口,整改.",,,,,,,,,,,,,,,,,,,,,,,,,,,,,,,,,,,,,,,,,,,,,,,,,,,0:00,24:00,0:00,,,,
巴21,1992-08-04,412.8299866,217.1700134,,,,,,,311mmJ11,,,8:08,4:00,1:45,0:43,,0:45,,,,,,,8:39,,,,,,,,,,,,,,,,,,,,,,,,,,,,,,,,,,,,,,,,,,,,,,,,,,,,,,,,,,15:21,24:00,0:00,,,,
巴21,1992-08-05,630,124,150,117,60,18,1.279999971,31,311mmJ11,,0.200000003,13:28,,2:46,0:44,,4:30,,,,,,,2:32,,,,,,,"8:05钻进,8:30换活塞,13:30循环加重,24:00钻进.",,,,,,,,,,,,,,,,,,,,,,,,,,,,,,,,,,,,,,,,,,,,,,,,,,,21:28,24:00,0:00,,,,
巴21,1992-08-06,754,56,150,117,53,17,1.330000043,40,311mmJ11,,0.200000003,17:16,1:47,1:22,0:31,,2:33,,,,,,,0:13,,0:18,,,,,"20:00钻进,22:13循环,24:00起钻.",,,,,,,,,,,,,,,,,,,,,,,,,,,,,,,,,,,,,,,,,,,,,,,,,,,23:29,23:42,0:18,,,,
巴21,1992-08-07,810,100,,,,,,,311mmJ22,,,16:40,4:50,0:48,0:02,0:20,1:10,,,,,,,0:10,,,,,,,,,,,,,,,,,,,,,,,,,,,,,,,,,,,,,,,,,,,,,,,,,,,,,,,,,,23:50,24:00,0:00,,,,
巴21,1992-08-08,910,98,200,206,60,18,1.389999986,68,311mmJ22,,0.200000003,17:21,,1:11,0:36,,2:25,,,,,,,2:27,,,,,,,"6:48钻进,8:30休气测仪,16:05钻进,18:30循环加重,24:00钻进.",,,,,,,,,,,,,,,,,,,,,,,,,,,,,,,,,,,,,,,,,,,,,,,,,,,21:33,24:00,0:00,,,,
巴21,1992-08-09,1008,74,200,206,60,17,1.370000005,38,311mmJ22,,0.200000003,16:05,,1:06,0:17,,2:30,,,,,,,4:02,,,,,,,"2:30钻进,3:40处理泥浆,19:40钻进,21:30换冲管,24:00循环.",,,,,,,,,,,,,,,,,,,,,,,,,,,,,,,,,,,,,,,,,,,,,,,,,,,19:58,24:00,0:00,,,,
巴21,1992-08-10,1082,36,200,206,53,18,1.379999995,54,311mmJ11,,0.200000003,8:57,8:15,1:01,0:02,0:20,4:25,,,,,,,1:00,,,,,,,"1:15循环,6:00起钻,8:00下钻,9:00保养,10:50下钻,14循环,24:00钻进.",,,,,,,,,,,,,,,,,,,,,,,,,,,,,,,,,,,,,,,,,,,,,,,,,,,23:00,24:00,0:00,,,,
巴21,1992-08-11,1118,0.33996582,150,67,60,16,1.379999995,33,216mmJ22,,0.200000003,9:06,8:50,0:32,0:02,0:40,3:15,,,,,,,1:35,,,,,,,"2:30钻进,3:15换冲管,5:15钻进,7:30循环,14:30起钻,17:50下钻,18:50循环,24:00钻进.",,,,,,,,,,,,,,,,,,,,,,,,,,,,,,,,,,,,,,,,,,,,,,,,,,,22:25,24:00,0:00,,,,
巴21,1992-08-12,1118.339966,0,150,67,60,18,1.379999995,31,216mmJ22,,0.200000003,1:15,2:55,,,,1:00,,18:50,,,,,,,,,,,,"1:15钻进,2:15循环,5:10起钻,24:00电测.",,,,,,,,,,,,,,,,,,,,,,,,,,,,,,,,,,,,,,,,,,,,,,,,,,,5:10,24:00,0:00,,,,
巴21,1992-08-13,1118.339966,0,0,,0,18,1.379999995,42,,,0.200000003,,,,,,,,24:00,,,,,,,,,,,,"6:00电测(遇阻),18:50通井,24:00电测.",,,,,,,,,,,,,,,,,,,,,,,,,,,,,,,,,,,,,,,,,,,,,,,,,,,0:00,24:00,0:00,,,,
巴21,1992-08-14,1118.339966,0,0,,0,16,1.360000014,42,,,0.200000003,,,,,,,,1:00,23:00,,,,,,,,,,,"1:00电测,1:30准备,11:30通井,13:30准备,24:00下管套.",,,,,,,,,,,,,,,,,,,,,,,,,,,,,,,,,,,,,,,,,,,,,,,,,,,0:00,24:00,0:00,,,,
巴21,1992-08-15,1118.339966,0,0,,0,16,1.350000024,32,,,0.200000003,,,,,,,,,24:00,,,,,,,,,,,"1:00下管套,4:55循环,5:45准备,6:39固井,24:00候凝.",,,,,,,,,,,,,,,,,,,,,,,,,,,,,,,,,,,,,,,,,,,,,,,,,,,0:00,24:00,0:00,,,,
巴21,1992-08-16,1118.339966,48.66003418,0,,0,0,0,0,,,0.200000003,,5:00,,,,,,,19:00,,,,,,,,,,,"10:00候凝,19:00电测,24:00组合钻具.",,,,,,,,,,,,,,,,,,,,,,,,,,,,,,,,,,,,,,,,,,,,,,,,,,,5:00,24:00,0:00,,,,
巴21,1992-08-17,1167,127,150,117,38,0,1.230000019,36,216mmJ22,,0.200000003,8:21,3:00,0:42,,,0:20,,,,,,,11:37,,,,,,,"2:00组合钻具,4:00下钻,13:30试压,接井口,钻水泥塞,24:00做破压钻进.",,,,,,,,,,,,,,,,,,,,,,,,,,,,,,,,,,,,,,,,,,,,,,,,,,,12:23,24:00,0:00,,,,
巴21,1992-08-18,1294,112,150,117,38,0,1.24000001,37,216mmJ22,,0.200000003,19:51,,1:35,0:20,,1:54,,,,,,,0:20,,,,,,,"13:50钻进,14:40循环,24:00钻进.",,,,,,,,,,,,,,,,,,,,,,,,,,,,,,,,,,,,,,,,,,,,,,,,,,,23:40,24:00,0:00,,,,
巴21,1992-08-19,1406,76.79003906,150,67,38,0,1.24000001,35,216mmJ22,,0.200000003,22:20,,1:26,0:14,,,,,,,,,,,,,,,,24:00钻进.,,,,,,,,,,,,,,,,,,,,,,,,,,,,,,,,,,,,,,,,,,,,,,,,,,,24:00,24:00,0:00,,,,
巴21,1992-08-20,1482.790039,1.209960938,150,67,38,16,1.269999981,39,216mmJ22,,0.200000003,18:50,,0:50,0:15,,1:55,,,,,,,2:10,,,,,,,"13:00钻进,15:10换冲管,22:05钻进,24:00循环.",,,,,,,,,,,,,,,,,,,,,,,,,,,,,,,,,,,,,,,,,,,,,,,,,,,21:50,24:00,0:00,,,,
巴21,1992-08-21,1484,45,30,117,38,16,1.279999971,35,216mmJ22,,0.200000003,3:30,9:30,,,0:30,2:30,,,,,,,8:00,,,,,,,"4:30起钻,13:00换喇叭口,18:00下钻,20:30循环,24:00钻进.",,,,,,,,,,,,,,,,,,,,,,,,,,,,,,,,,,,,,,,,,,,,,,,,,,,16:00,24:00,0:00,,,,
巴21,1992-08-22,1529,51,150,117,38,16,1.269999981,38,216mmJ22,,0.200000003,22:17,,0:38,,,1:05,,,,,,,,,,,,,,"23:05钻进,24:00循环.",,,,,,,,,,,,,,,,,,,,,,,,,,,,,,,,,,,,,,,,,,,,,,,,,,,24:00,24:00,0:00,,,,
巴21,1992-08-23,1580,82.16003418,150,117,38,18,1.269999981,42,216mmJ22,,0.200000003,11:36,9:00,0:35,0:04,0:30,1:15,,,,,,,1:00,,,,,,,"0:30循环,6:00起钻,7:30辅助,11:00下钻,24:00钻进.",,,,,,,,,,,,,,,,,,,,,,,,,,,,,,,,,,,,,,,,,,,,,,,,,,,23:00,24:00,0:00,,,,
巴21,1992-08-24,1662.160034,0,150,117,38,15,1.25999999,48,216mmJ22,,0.200000003,17:33,2:00,0:54,0:13,,3:10,,,,,,,0:10,,,,,,,"18:50钻进,22:00循环观察,24:00起钻.",,,,,,,,,,,,,,,,,,,,,,,,,,,,,,,,,,,,,,,,,,,,,,,,,,,23:50,24:00,0:00,,,,
巴21,1992-08-25,1662.160034,22.93994141,0,,0,15,0,0,,,0.200000003,,3:00,,,,,,21:00,,,,,,,,,,,,"3:00起钻,24:00电测.",,,,,,,,,,,,,,,,,,,,,,,,,,,,,,,,,,,,,,,,,,,,,,,,,,,3:00,24:00,0:00,,,,
巴21,1992-08-26,1685.099976,2.41003418,150,117,38,16,1.279999971,39,216mmJ22,,0.200000003,5:03,9:15,0:20,0:02,,3:50,,5:30,,,,,,,,,,,,"5:30电测,11:30下钻,12:40循环,18:05钻进,20:45观察,24:00起钻.",,,,,,,,,,,,,,,,,,,,,,,,,,,,,,,,,,,,,,,,,,,,,,,,,,,18:30,24:00,0:00,,,,
巴21,1992-08-27,1687.51001,0,,,,,,,214.4mm PDC,,,6:55,15:50,,,,1:15,,,,,,,,,,,,,,,,,,,,,,,,,,,,,,,,,,,,,,,,,,,,,,,,,,,,,,,,,,,,,,,,,24:00,24:00,0:00,,,,
巴21,1992-08-28,1687.51001,22.61999512,0,,0,0,0,0,214.4mm PDC,,0.200000003,,5:20,,,,0:25,,,,,,,18:15,,,,,,,"1:30起钻,3:30通心,9:45辅助,23:35下钻,24:00循环.",,,,,,,,,,,,,,,,,,,,,,,,,,,,,,,,,,,,,,,,,,,,,,,,,,,5:45,24:00,0:00,,,,
巴21,1992-08-29,1710.130005,0.300048828,,,,,,,214.4mm PDC,,,9:40,11:05,0:15,,,1:30,,,,,,,1:30,,,,,,,,,,,,,,,,,,,,,,,,,,,,,,,,,,,,,,,,,,,,,,,,,,,,,,,,,,22:30,24:00,0:00,,,,
巴21,1992-08-30,1710.430054,13.36999512,,,,,,,214.4mm PDC,,,7:53,13:00,0:07,,,1:00,,,,,,,2:00,,,,,,,,,,,,,,,,,,,,,,,,,,,,,,,,,,,,,,,,,,,,,,,,,,,,,,,,,,22:00,24:00,0:00,,,,
巴21,1992-08-31,1723.800049,13.04992676,,,,,,,214.4mm PDC,,,5:10,11:30,0:10,,,2:05,,,,,,,5:05,,,,,,,,,,,,,,,,,,,,,,,,,,,,,,,,,,,,,,,,,,,,,,,,,,,,,,,,,,18:55,24:00,0:00,,,,
巴21,1992-09-01,1736.849976,13.68005371,50,67,23,9,1.25,41,214.4mm PDC,,0.200000003,11:20,8:30,0:10,,,,,,,,,,4:00,,,,,,,"11:40取心钻进,15:40起钻,19:30通心组合钻具,24:00下钻扩眼.",,,,,,,,,,,,,,,,,,,,,,,,,,,,,,,,,,,,,,,,,,,,,,,,,,,20:00,24:00,0:00,,,,
巴21,1992-09-02,1750.530029,1.25,30,67,23,9,1.25,32,214.4mm PDC,,0.200000003,10:50,9:05,,0:30,,1:05,,,,,,,2:30,,,,,,,"1:00循环,7:40钻进,12:30起钻,15:00辅助,18:10下钻,22:55钻进,24:00起钻.",,,,,,,,,,,,,,,,,,,,,,,,,,,,,,,,,,,,,,,,,,,,,,,,,,,21:30,24:00,0:00,,,,
巴21,1992-09-03,1751.780029,1.159912109,30,67,23,9,1.25999999,30,214.4mm PDC,,0.200000003,10:05,12:45,,,,0:10,,,,,,,1:00,,,,,,,"3:30起钻,4:00通心,4:30组合取心筒,9:20下钻,9:30循环,19:35钻进,24:00起钻.",,,,,,,,,,,,,,,,,,,,,,,,,,,,,,,,,,,,,,,,,,,,,,,,,,,23:00,24:00,0:00,,,,
巴21,1992-09-04,1752.939941,9.320068359,50,67,38,11,1.25999999,30,216mm  J22,,0.200000003,0:30,16:10,,2:40,,2:10,,,,,,,2:30,,,,,,,"2:30起钻,4:30出心组合取心筒,7:50下钻,10:30扩眼,11:00钻进,13:00循环,17:30起钻,18:00辅助,20:30下钻,20:40循环,24:00起钻.",,,,,,,,,,,,,,,,,,,,,,,,,,,,,,,,,,,,,,,,,,,,,,,,,,,21:30,24:00,0:00,,,,
巴21,1992-09-05,1762.26001,7.739990234,50,67,23,9,1.25999999,30,214.4mm PDC,,0.200000003,7:45,15:00,,,,1:15,,,,,,,,,,,,,,"1:00起钻,5:15下钻,5:30循环,9:40钻进,15:30起钻,19:00下钻,23:35钻进,24:00起钻.",,,,,,,,,,,,,,,,,,,,,,,,,,,,,,,,,,,,,,,,,,,,,,,,,,,24:00,24:00,0:00,,,,
巴21,1992-09-06,1770,12.5,50,117,38,11,1.25999999,29,216mm  J22,,0.200000003,11:53,7:20,0:07,,,1:00,,,,,,,3:40,,,,,,,"4:30起钻,8:20辅助,11:00下钻,12:00划眼,24:00钻进.",,,,,,,,,,,,,,,,,,,,,,,,,,,,,,,,,,,,,,,,,,,,,,,,,,,20:20,24:00,0:00,,,,
巴21,1992-09-07,1782.5,6.670043945,50,67,23,9,1.25999999,29,214.4mm PDC,,0.200000003,9:25,9:00,0:05,,,1:30,,,,,,,4:00,,,,,,,"5:15下钻,10:00起钻,14:00辅助,18:15下钻,19:45循环,24:00取心钻进.",,,,,,,,,,,,,,,,,,,,,,,,,,,,,,,,,,,,,,,,,,,,,,,,,,,20:00,24:00,0:00,,,,
巴21,1992-09-08,1789.170044,7.58996582,50,67,23,9,1.25999999,36,214.4mm PDC,,0.200000003,4:10,15:30,,,,1:20,,,,,,,3:00,,,,,,,"5:00钻进,6:30通心,10:30下钻,11:50循环,16:00钻进,20:30起钻,22:00辅助,24:00下钻.",,,,,,,,,,,,,,,,,,,,,,,,,,,,,,,,,,,,,,,,,,,,,,,,,,,21:00,24:00,0:00,,,,
巴21,1992-09-09,1796.76001,4.239990234,50,67,23,9,1.25,56,214.4mm PDC,,0.200000003,7:00,12:50,,,,2:10,,,,,,,2:00,,,,,,,"1:50下钻,3:15循环,7:50钻进,12:00起钻,14:00通心,18:00下钻,21:00钻进,24:00起钻.",,,,,,,,,,,,,,,,,,,,,,,,,,,,,,,,,,,,,,,,,,,,,,,,,,,22:00,24:00,0:00,,,,
巴21,1992-09-10,1801,9.599975586,50,67,23,9,1.269999981,50,214.4mm PDC,,0.200000003,5:45,13:55,,1:35,,0:45,,,,,,,2:00,,,,,,,"1:00起钻,1:30通心,2:00组合钻具,5:30下钻,7:00扩眼,12:00起钻,13:00辅助,17:30下钻,24:00钻进.",,,,,,,,,,,,,,,,,,,,,,,,,,,,,,,,,,,,,,,,,,,,,,,,,,,22:00,24:00,0:00,,,,
巴21,1992-09-11,1810.599976,6,50,67,23,9,1.25999999,35,214.4mm PDC,,0.200000003,7:20,13:15,0:20,,,0:35,,,,,,,2:30,,,,,,,"3:50钻进,8:45起钻,9:45通心,15:15下钻,19:40取心钻进,24:00钻进.",,,,,,,,,,,,,,,,,,,,,,,,,,,,,,,,,,,,,,,,,,,,,,,,,,,21:30,24:00,0:00,,,,
巴21,1992-09-12,1816.599976,2.400024414,50,117,38,11,1.25,35,216mm  J22,,0.200000003,9:45,9:55,,,,1:50,,,,,,,2:30,,,,,,,"1:00通心,6:40下钻,7:30扩眼,17:15钻进,21:40起钻,24:00换刹带.",,,,,,,,,,,,,,,,,,,,,,,,,,,,,,,,,,,,,,,,,,,,,,,,,,,21:30,24:00,0:00,,,,
巴21,1992-09-13,1819,4.859985352,50,67,23,9,1.25999999,36,214.4mm PDC,,0.200000003,4:45,4:30,,,,1:45,,,,,,,13:00,,,,,,,"13:00辅助,17:30下钻,19:15循环,24:00取心钻进.",,,,,,,,,,,,,,,,,,,,,,,,,,,,,,,,,,,,,,,,,,,,,,,,,,,11:00,24:00,0:00,,,,
巴21,1992-09-14,1823.859985,8.940063477,50,67,23,9,1.279999971,34,214.4mm PDC,,0.200000003,4:10,13:00,,,,1:00,,,,,,,5:50,,,,,,,"1:00钻进,4:10起钻,5:10辅助,8:40下钻,9:40循环,12:50钻进,17:40起钻,22:10辅助,24:00钻进.",,,,,,,,,,,,,,,,,,,,,,,,,,,,,,,,,,,,,,,,,,,,,,,,,,,18:10,24:00,0:00,,,,
巴21,1992-09-15,1832.800049,9.199951172,50,67,23,9,1.279999971,32,214.4mm PDC,,0.200000003,7:20,7:10,,,,1:30,,,,,,,8:00,,,,,,,"2:40下钻,3:20循环,9:00钻进,17:00通心换气囊,21:30下钻,22:20循环,24:00钻进.",,,,,,,,,,,,,,,,,,,,,,,,,,,,,,,,,,,,,,,,,,,,,,,,,,,16:00,24:00,0:00,,,,
巴21,1992-09-16,1842,8.189941406,50,67,23,9,1.279999971,30,214.4mm PDC,,0.200000003,9:00,12:45,,,,0:45,,,,,,,1:30,,,,,,,"5:00钻进,10:30起钻,12:00通心,16:15下钻,17:00循环,21:00钻进,24:00钻进.",,,,,,,,,,,,,,,,,,,,,,,,,,,,,,,,,,,,,,,,,,,,,,,,,,,22:30,24:00,0:00,,,,
巴21,1992-09-17,1850.189941,5.16003418,,,,,,,214.4mm PDC,,,5:00,14:50,0:10,,,1:00,,,,,,,3:00,,,,,,,,,,,,,,,,,,,,,,,,,,,,,,,,,,,,,,,,,,,,,,,,,,,,,,,,,,21:00,24:00,0:00,,,,
巴21,1992-09-18,1855.349976,41.4699707,,,,,,,216mm  J22,,,9:30,10:25,,1:30,,1:05,,,,,,,1:30,,,,,,,,,,,,,,,,,,,,,,,,,,,,,,,,,,,,,,,,,,,,,,,,,,,,,,,,,,22:30,24:00,0:00,,,,
巴21,1992-09-19,1896.819946,5.690063477,50,117,38,17,1.279999971,33,216mm  J22,,0.200000003,11:17,3:30,0:34,4:32,,4:07,,,,,,,,,,,,,,"4:30扩眼,5:35钻进,6:00观察,12:30钻进,13:40观察,15:30钻进,16:02观察,18:30钻进,20:30观察,24:00起钻.",,,,,,,,,,,,,,,,,,,,,,,,,,,,,,,,,,,,,,,,,,,,,,,,,,,24:00,24:00,0:00,,,,
巴21,1992-09-20,1902.51001,5.989990234,150,67,23,9,1.279999971,34,214.4mm PDC,,0.200000003,9:20,12:40,,,,0:40,,,,,,,1:20,,,,,,,"1:00起钻,1:50检查取心筒,5:30下钻,6:10循环,15:30钻进,20:30起钻,21:00通心,24:00下钻.",,,,,,,,,,,,,,,,,,,,,,,,,,,,,,,,,,,,,,,,,,,,,,,,,,,22:40,24:00,0:00,,,,
巴21,1992-09-21,1908.5,12.15002441,,,,,,,214.4mm PDC,,,3:10,10:30,,,,2:00,,,,,,,8:20,,,,,,,,,,,,,,,,,,,,,,,,,,,,,,,,,,,,,,,,,,,,,,,,,,,,,,,,,,15:40,24:00,0:00,,,,
巴21,1992-09-22,1920.650024,7.849975586,,,,,,,214.4mm PDC,,,9:10,9:30,,,,0:50,,,,,,,4:30,,,,,,,,,,,,,,,,,,,,,,,,,,,,,,,,,,,,,,,,,,,,,,,,,,,,,,,,,,19:30,24:00,0:00,,,,
巴21,1992-09-23,1928.5,25.91003418,,,,,,,214.4mm PDC,,,6:40,14:10,,,,0:40,,,,,,,2:30,,,,,,,,,,,,,,,,,,,,,,,,,,,,,,,,,,,,,,,,,,,,,,,,,,,,,,,,,,21:30,24:00,0:00,,,,
巴21,1992-09-24,1954.410034,14.08996582,,,,,,,216mm  J22,,,8:00,11:30,0:20,2:30,,1:40,,,,,,,,,,,,,,,,,,,,,,,,,,,,,,,,,,,,,,,,,,,,,,,,,,,,,,,,,,,,,,,,,24:00,24:00,0:00,,,,
巴21,1992-09-25,1968.5,8.670043945,150,67,23,9,1.289999962,50,214.4mm PDC,,0.200000003,10:45,10:40,,,,1:35,,,,,,,1:00,,,,,,,"2:10下钻,3:05循环,7:30钻进,12:00起钻,13:00通心,17：00下钻,17:40循环,24:00钻进.",,,,,,,,,,,,,,,,,,,,,,,,,,,,,,,,,,,,,,,,,,,,,,,,,,,23:00,24:00,0:00,,,,
巴21,1992-09-26,1977.170044,8.729980469,,,,,,,214.4mm PDC,,,11:15,11:20,,,,0:45,,,,,,,0:40,,,,,,,,,,,,,,,,,,,,,,,,,,,,,,,,,,,,,,,,,,,,,,,,,,,,,,,,,,23:20,24:00,0:00,,,,
巴21,1992-09-27,1985.900024,29.7199707,,,,,,,214.4mm PDC,,,5:10,14:50,,,,0:50,,,,,,,3:10,,,,,,,,,,,,,,,,,,,,,,,,,,,,,,,,,,,,,,,,,,,,,,,,,,,,,,,,,,20:50,24:00,0:00,,,,
巴21,1992-09-28,2015.619995,0,150,117,38,18,1.289999962,38,216mm  J22,,0.200000003,8:54,6:00,0:18,2:50,,2:18,,,,,,,3:40,,,,,,,"4:40下钻,7:30扩眼,13:20起钻,13:30换钻头,17:50下钻,24:00换链条.",,,,,,,,,,,,,,,,,,,,,,,,,,,,,,,,,,,,,,,,,,,,,,,,,,,20:20,24:00,0:00,,,,
巴21,1992-09-29,2015.619995,25.69995117,0,,0,0,0,0,,,0,,8:40,,,0:10,,,,,,,,15:10,,,,,,,"9:00换游车,13:20起钻,13:30换钻头,17:50下钻,24:00换链条.",,,,,,,,,,,,,,,,,,,,,,,,,,,,,,,,,,,,,,,,,,,,,,,,,,,8:50,24:00,0:00,,,,
巴21,1992-09-30,2041.319946,7.880004883,150,117,38,18,1.289999962,39,214.4mm PDC,,0.200000003,6:45,10:40,0:05,,,1:00,,,,,,,5:30,,,,,,,"3:00换链条,5:50钻进,11:30起钻,14:00通心,19:00下钻,20:00循环,24:00钻进.",,,,,,,,,,,,,,,,,,,,,,,,,,,,,,,,,,,,,,,,,,,,,,,,,,,18:30,24:00,0:00,,,,
巴21,1992-10-01,2049.199951,10.85009766,,,,,,,216mm  J22,,,9:20,13:00,0:10,,,0:10,,,,,,,1:20,,,,,,,,,,,,,,,,,,,,,,,,,,,,,,,,,,,,,,,,,,,,,,,,,,,,,,,,,,22:40,24:00,0:00,,,,
巴21,1992-10-02,2060.050049,12.94995117,150,117,38,18,1.279999971,36,214.4mm PDC,,0.200000003,3:14,13:00,0:06,2:30,,1:10,,,,,,,4:00,,,,,,,"2:00起钻,3:00通心,7:30下钻,10:00扩眼,13:20钻进,14:30循环,19:30起钻,22:30换刹带,24:00下钻.",,,,,,,,,,,,,,,,,,,,,,,,,,,,,,,,,,,,,,,,,,,,,,,,,,,20:00,24:00,0:00,,,,
巴21,1992-10-03,2073,8.110107422,,,,,,,214.4mm PDC,,,7:10,12:20,,,,2:00,,,,,,,2:30,,,,,,,,,,,,,,,,,,,,,,,,,,,,,,,,,,,,,,,,,,,,,,,,,,,,,,,,,,21:30,24:00,0:00,,,,
巴21,1992-10-04,2081.110107,13.88989258,,,,,,,214.4mm PDC,,,2:45,18:45,0:15,,,0:40,,,,,,,1:35,,,,,,,,,,,,,,,,,,,,,,,,,,,,,,,,,,,,,,,,,,,,,,,,,,,,,,,,,,22:25,24:00,0:00,,,,
巴21,1992-10-05,2095,33.40991211,,,,,,,214.4mm PDC,,,8:20,12:20,,,,2:10,,,,,,,1:10,,,,,,,,,,,,,,,,,,,,,,,,,,,,,,,,,,,,,,,,,,,,,,,,,,,,,,,,,,22:50,24:00,0:00,,,,
巴21,1992-10-06,2128.409912,11.59008789,150,117,38,18,1.269999981,48,216mm  J22,,0.200000003,10:07,9:20,0:19,0:24,,,,,,,,,3:50,,,,,,,"4:20起钻,6:30通心,11:30下钻,11:50扩眼,14:20钻进,16:00换冲管,24:00钻进.",,,,,,,,,,,,,,,,,,,,,,,,,,,,,,,,,,,,,,,,,,,,,,,,,,,20:10,24:00,0:00,,,,
巴21,1992-10-07,2140,-2140,180,117,38,18,1.289999962,37,216mm  J22,,0.200000003,6:54,5:00,0:12,0:04,,5:10,,5:00,,,,,1:40,,,,,,,"7:10钻进,9:00循环,10:40拉井壁,14:00循环,19:00起钻,24:00电测.",,,,,,,,,,,,,,,,,,,,,,,,,,,,,,,,,,,,,,,,,,,,,,,,,,,17:20,24:00,0:00,,,,
巴21,1992-10-08,0,2159.100098,0,,0,0,1.279999971,34,,,0.200000003,,,,,,,,24:00,,,,,,,,,,,,24:00电测.,,,,,,,,,,,,,,,,,,,,,,,,,,,,,,,,,,,,,,,,,,,,,,,,,,,0:00,24:00,0:00,,,,
巴21,1992-10-09,2159.100098,5.899902344,170,117,38,18,0,0,216mm  J22,,0.200000003,6:44,3:40,0:12,0:04,,0:20,,4:00,,,,,,,,9:00,,,,"9:00等井壁取心,13:00井壁取心,16:40下钻,17:00循环,24:00钻进.",,,,,,,,,,,,,,,,,,,,,,,,,,,,,,,,,,,,,,,,,,,,,,,,,,,11:00,15:00,9:00,,,,
巴21,1992-10-10,2165,-2165,170,117,38,18,1.279999971,46,216mm  J22,,0.200000003,3:00,6:30,,,,3:00,,4:40,,,,,,,,6:50,,,,"3:00钻进,6:00循环,12:30起钻,14:00等电测,18:40测RFT,24:00等电测通知.",,,,,,,,,,,,,,,,,,,,,,,,,,,,,,,,,,,,,,,,,,,,,,,,,,,12:30,17:10,6:50,,,,
巴21,1992-10-11,0,0,0,,0,0,1.279999971,42,,,0.200000003,,9:30,,,,4:00,,,8:30,,,,1:00,,,1:00,,,,"1:00等通知,5:20下钻,9:20循环,14:30起钻,15:30准备,24:00下管套.",,,,,,,,,,,,,,,,,,,,,,,,,,,,,,,,,,,,,,,,,,,,,,,,,,,13:30,23:00,1:00,,,,
巴21,1992-10-12,0,0,0,,0,0,1.279999971,50,,,0.200000003,,,,,,,,,24:00,,,,,,,,,,,"3:40下管套,11:00循环,12:30固井,24:00候凝.",,,,,,,,,,,,,,,,,,,,,,,,,,,,,,,,,,,,,,,,,,,,,,,,,,,0:00,24:00,0:00,,,,
巴21,1992-10-13,0,220,0,,0,0,1.279999971,35,,,0.200000003,,,,,,,,9:00,15:00,,,,,,,,,,,"15:00候凝,24:00测声幅.",,,,,,,,,,,,,,,,,,,,,,,,,,,,,,,,,,,,,,,,,,,,,,,,,,,0:00,24:00,0:00,,,,
巴22,1992-7-27,220,0,,,,,,,,,0,,,,,,,,,12:50,,,,3:30,,,7:40,,,,准备下套管，下套管，等固井，固井，候凝，搞井口,,,,,,,,,,,,,,,,,,,,,,,,,,,,,,,1,,,,,,,,,,,,,,,,,,,,0:00,16:20,7:40,,,,
巴22,1992-7-28,220,109.0700073,,,,,,,311mmJ11,,0,,,,,,,,,,,,,5:30,,,18:30,,,,等封井口，安装，等装管线，打水泥帽子,,,,,,,,,,,,,,,,,,,,,,,,,,,,,,,1,,,,,,,,,,,,,,,,,,,,0:00,5:30,18:30,,,,
巴22,1992-7-29,329.0700073,256.539978,150,117,55,12,1.039999962,21,311mmJ11,,0.200000003,12:05,6:30,0:55,,,,,,,,,,4:30,,,,,,,装管线，试压，下钻，洗井，18：00二开钻进，检查电路，钻进,,,,,,,,,,,,,,,,,,,,,,,,,,,,,,,1,,,,,,,,,,,,,,,,,,,,19:30,24:00,0:00,,,,
巴22,1992-7-30,585.6099854,23.39001465,180,117,55,18,1.129999995,26,311mmJ11,,0.200000003,14:50,2:25,1:55,,,1:05,,,,,,,2:25,,1:20,,,,,钻进，换链条，保养钻机，钻进，拉井壁，钻进,,,,,,,,,,,,,,,,,,,,,,,,,,,,,,,1,,,,,,,,,,,,,,,,,,,,20:15,22:40,1:20,,,,
巴22,1992-7-31,609,98.25,50,117,55,13,1.289999962,27,311mmJ11,,0.300000012,10:50,7:20,0:20,,0:30,2:10,,,,,,,2:50,,,,,,,钻进，起钻，下钻，循环，活动牙轮，钻进,,,,,,,,,,,,,,,,,,,,,,,,,,,,,,,1,,,,,,,,,,,,,,,,,,,,21:10,24:00,0:00,,,,
巴22,1992-8-01,707.25,36.14001465,250,117,55,16,1.279999971,32,311.mmJ22,,0.400000006,17:40,,1:15,,,,,2:40,,,,,2:25,,,,,,,钻进，测斜，钻进，换冲管，换1号泵活塞，钻进,,,,,,,,,,,,,,,,,,,,,,,,,,,,,,,1,,,,,,,,,,,,,,,,,,,,18:55,24:00,0:00,,,,
巴22,1992-8-02,743.3900146,17.34997559,50,73,55,16,1.350000024,47,311.mmJ22,,0.200000003,18:10,,0:25,,,,,0:25,,,,,5:00,,,,,,,钻进，测斜，换活塞 ，钻进,,,,,,,,,,,,,,,,,,,,,,,,,,,,,,,1,,,,,,,,,,,,,,,,,,,,18:35,24:00,0:00,,,,
巴22,1992-8-03,760.7399902,26.26000977,50,73,55,18,1.350000024,40,311.mmJ22,,0.300000012,10:45,5:30,0:15,,0:20,1:00,,1:00,,,,,,,1:20,,,3:50,,钻进，吊测，钻进，循环，起钻，下钻，划眼,,,,,,,,,,,,,,,,,,,,,,,,,,,,,,,1,,,,,,,,,,,,,,,,,,,,17:50,18:50,5:10,,,,
巴22,1992-8-04,787,86.57000732,70,73,50,15,1.389999986,45,311.mmJ22,,0.300000012,13:40,,0:30,,,,,,,,,,2:30,,,,,7:20,,划眼，检查气路，划眼，钻进，换凡尔体，钻进,,,,,,,,,,,,,,,,,,,,,,,,,,,,,,,1,,,,,,,,,,,,,,,,,,,,14:10,16:40,7:20,,,,
巴22,1992-8-05,873.5700073,91.42999268,50,117,55,17,1.389999986,83,311.mmJ22,,0.300000012,19:15,,0:55,,,,,2:40,,,,,0:10,,1:00,,,,,钻进，测斜，机修，钻进,,,,,,,,,,,,,,,,,,,,,,,,,,,,,,,1,,,,,,,,,,,,,,,,,,,,20:10,23:00,1:00,,,,
巴22,1992-8-06,965,39.65002441,250,117,55,18,1.389999986,46,311.mmJ22,,0.200000003,19:40,,0:55,,,,,2:05,,,,,,,1:20,,,,,钻进，机修，钻进，测斜，钻进,,,,,,,,,,,,,,,,,,,,,,,,,,,,,,,1,,,,,,,,,,,,,,,,,,,,20:35,22:40,1:20,,,,
巴22,1992-8-07,1004.650024,90.78991699,250,73,55,18,1.389999986,45,311.mmJ22,,0.300000012,12:55,7:10,0:30,,,1:00,,,,,,,2:25,,,,,,,钻进，循环 ，起钻，下钻，钻进,,,,,,,,,,,,,,,,,,,,,,,,,,,,,,,1,,,,,,,,,,,,,,,,,,,,21:35,24:00,0:00,,,,
巴22,1992-8-08,1095.439941,80.56005859,250,117,55,18,1.370000005,48,311.mmJ22,,0.300000012,19:20,,1:05,,,,,1:00,,,,,1:20,,1:15,,,,,钻进，机修，钻进，换凡尔体钻进,,,,,,,,,,,,,,,,,,,,,,,,,,,,,,,1,,,,,,,,,,,,,,,,,,,,20:25,22:45,1:15,,,,
巴22,1992-8-09,1176,33.5,250,117,55,18,1.360000014,51,311.mmJ22,,0.300000012,20:05,,1:05,,,,,0:40,,,,,1:10,,1:00,,,,,换活塞，钻进，修2号泵，钻进,,,,,,,,,,,,,,,,,,,,,,,,,,,,,,,1,,,,,,,,,,,,,,,,,,,,21:10,23:00,1:00,,,,
巴22,1992-8-10,1209.5,10.5,50,117,55,17,1.350000024,48,311.mmJ22 216mmJ22,,0.200000003,11:50,9:10,0:20,,,1:50,,,,,,,0:10,,0:40,,,,,钻进，循环 ，起下钻，钻进,,,,,,,,,,,,,,,,,,,,,,,,,,,,,,,1,,,,,,,,,,,,,,,,,,,,23:10,23:20,0:40,,,,
巴22,1992-8-11,1220,0,50,117,55,18,1.350000024,42,216mmJ22,,0.300000012,6:35,3:00,0:10,,,1:30,,12:00,,,,,0:15,,,0:30,,,,钻进，循环 ，起钻，电测,,,,,,,,,,,,,,,,,,,,,,,,,,,,,,,1,,,,,,,,,,,,,,,,,,,,11:15,23:30,0:30,,,,
巴22,1992-8-12,1220,0,,,55,12,1.350000024,42,216mmJ22,,0.300000012,,,,,,,,6:30,16:30,,,,1:00,,,,,,,电测，下钻通井，起钻，下套管,,,,,,,,,,,,,,,,,,,,,,,,,,,,,,,1,,,,,,,,,,,,,,,,,,,,0:00,24:00,0:00,,,,
巴22,1992-8-13,1220,0,,,,,1.350000024,45,,,0.300000012,,,,,,,,,20:00,,,,,,,4:00,,,,下套管，循环 ，等固井，固井，候凝，,,,,,,,,,,,,,,,,,,,,,,,,,,,,,,,1,,,,,,,,,,,,,,,,,,,,0:00,20:00,4:00,,,,
巴22,1992-8-14,1220,0,,,,,,,,,0,,,,,,,,,24:00,,,,,,,,,,,搞井口，候凝,,,,,,,,,,,,,,,,,,,,,,,,,,,,,,,1,,,,,,,,,,,,,,,,,,,,0:00,24:00,0:00,,,,
巴22,1992-8-15,1220,0,,,,,,,,,0,,,,,,,,,24:00,,,,,,,,,,,候凝,,,,,,,,,,,,,,,,,,,,,,,,,,,,,,,1,,,,,,,,,,,,,,,,,,,,0:00,24:00,0:00,,,,
巴22,1992-8-16,1220,72,,,,,1.039999962,21,,,0,,,,,,,,2:30,17:00,,,,4:30,,,,,,,候凝，电测，下钻，扫水泥塞，洗井，处理泥浆,,,,,,,,,,,,,,,,,,,,,,,,,,,,,,,1,,,,,,,,,,,,,,,,,,,,0:00,24:00,0:00,,,,
巴22,1992-8-17,1292,50.73999023,50,117,55,16,1.350000024,31,216mmJ22,,0.400000006,19:15,,0:50,,,,,0:40,,,,,0:45,,2:30,,,,,钻进，修井口，钻进，测斜，钻进，,,,,,,,,,,,,,,,,,,,,,,,,,,,,,,,1,,,,,,,,,,,,,,,,,,,,20:05,21:30,2:30,,,,
巴22,1992-8-18,1342.73999,73.75,50,117,45,17,1.340000033,60,216mmJ22,,0.300000012,21:35,,0:35,,,,,1:40,,,,,0:10,,,,,,,钻进，测斜，钻进,,,,,,,,,,,,,,,,,,,,,,,,,,,,,,,1,,,,,,,,,,,,,,,,,,,,22:10,24:00,0:00,,,,
巴22,1992-8-19,1416.48999,87.22998047,200,73,45,16,1.350000024,45,216mmJ22,,0.300000012,12:25,8:10,0:55,,,1:00,,1:00,,,,,0:30,,,,,,,钻进，测斜，钻进，循环，起钻，下钻，循环 ，钻进,,,,,,,,,,,,,,,,,,,,,,,,,,,,,,,1,,,,,,,,,,,,,,,,,,,,22:30,24:00,0:00,,,,
巴22,1992-8-20,1503.719971,23.2800293,200,117,45,16,1.340000033,39,216mmJ22,,0.300000012,11:15,3:30,1:05,,,0:40,,,,,,,2:30,,0:30,,,4:30,,钻进，保养，钻进，地质观察，循环 起钻，电测迂阻，下钻通井，,,,,,,,,,,,,,,,,,,,,,,,,,,,,,,,1,,,,,,,,,,,,,,,,,,,,16:30,19:00,5:00,,,,
巴22,1992-8-21,1527,116.6600342,200,117,45,16,1.340000033,39,216mmJ22,,0.300000012,7:00,4:00,0:30,,0:30,,,2:00,,,,,,,0:30,,,9:30,,下钻，循环泥浆，起钻，测井，下钻，钻进（对比电测）,,,,,,,,,,,,,,,,,,,,,,,,,,,,,,,1,,,,,,,,,,,,,,,,,,,,12:00,14:00,10:00,,,,
巴22,1992-8-22,1643.660034,6.779907227,200,117,45,18,1.350000024,35,216mmJ22,,0.200000003,20:10,,0:45,,,1:00,,0:50,,,,,1:15,,,,,,,钻进，测斜，钻进，循环泥浆，,,,,,,,,,,,,,,,,,,,,,,,,,,,,,,,1,,,,,,,,,,,,,,,,,,,,21:55,24:00,0:00,,,,
巴22,1992-8-23,1650.439941,8,80,117,45,18,1.350000024,31,216mmJ22,,0.300000012,13:00,8:30,,,0:30,1:40,,,,,,,0:20,,,,,,,循环泥浆，起钻，下钻，钻进，循环泥浆，,,,,,,,,,,,,,,,,,,,,,,,,,,,,,,,1,,,,,,,,,,,,,,,,,,,,23:40,24:00,0:00,,,,
巴22,1992-8-24,1658.439941,9.370117188,80,73,45,10,1.350000024,32,216mm金取,,0.300000012,12:00,8:30,,,0:30,1:30,,,,,,,1:30,,,,,,,循环泥浆，起钻，保养，下钻，取心钻进,,,,,,,,,,,,,,,,,,,,,,,,,,,,,,,1,,,,,,,,,,,,,,,,,,,,22:30,24:00,0:00,,,,
巴22,1992-8-25,1667.810059,9,80,73,45,12,1.350000024,31,217mm金取,,0.300000012,8:15,11:10,,,,1:50,,,,,,,2:45,,,,,,,取心钻进，割心，起钻，出心，下钻，取心钻进，割心，起钻,,,,,,,,,,,,,,,,,,,,,,,,,,,,,,,1,,,,,,,,,,,,,,,,,,,,21:15,24:00,0:00,,,,
巴22,1992-8-26,1676.810059,8.929931641,80,117,45,13,1.350000024,30,218mm金取,,0.300000012,8:30,11:30,,,,0:30,,,,,,,3:30,,,,,,,起钻，出心下钻，循环泥浆，取心钻进，起钻，出心，下钻，,,,,,,,,,,,,,,,,,,,,,,,,,,,,,,,1,,,,,,,,,,,,,,,,,,,,20:30,24:00,0:00,,,,
巴22,1992-8-27,1685.73999,14.92004395,80,73,45,10,1.350000024,32,219mm金取,,0.300000012,10:40,9:00,,,,2:50,,,,,,,1:30,,,,,,,下钻，取心钻进，起钻，取心钻进,,,,,,,,,,,,,,,,,,,,,,,,,,,,,,,1,,,,,,,,,,,,,,,,,,,,22:30,24:00,0:00,,,,
巴22,1992-8-28,1700.660034,44.33996582,50,117,45,12,1.350000024,32,216mmJ22,,0.300000012,13:50,8:00,,,,0:40,,,,,,,1:30,,,,,,,取心钻进，起钻，出心，下钻，活动牙轮，钻进,,,,,,,,,,,,,,,,,,,,,,,,,,,,,,,1,,,,,,,,,,,,,,,,,,,,22:30,24:00,0:00,,,,
巴22,1992-8-29,1745,3,30,117,45,16,1.340000033,29,216mmJ22,,0.300000012,22:25,,0:25,,,0:15,,0:45,,,,,0:10,,,,,,,钻进，循环泥浆，测斜，钻进,,,,,,,,,,,,,,,,,,,,,,,,,,,,,,,1,,,,,,,,,,,,,,,,,,,,23:05,24:00,0:00,,,,
巴22,1992-8-30,1748,28.80004883,30,117,45,12,1.330000043,30,216mmJ22,,0.200000003,14:10,7:50,,,0:30,0:30,,1:00,,,,,,,,,,,,钻进，测斜，起钻，下钻，循环泥浆，钻进,,,,,,,,,,,,,,,,,,,,,,,,,,,,,,,1,,,,,,,,,,,,,,,,,,,,23:00,24:00,0:00,,,,
巴22,1992-8-31,1776.800049,12.7199707,30,117,45,19,1.350000024,29,216mmB22M,,0.200000003,22:45,,0:25,,,,,,,,,,0:50,,,,,,,钻进，保养钻机,,,,,,,,,,,,,,,,,,,,,,,,,,,,,,,1,,,,,,,,,,,,,,,,,,,,23:10,24:00,0:00,,,,
巴22,1992-9-01,1789.52002,19.47998047,30,117,45,12,1.350000024,34,216mmB22M,,0.300000012,10:40,7:25,0:10,,,,,1:15,,,,,4:30,,,,,,,钻进，测斜，起钻，下钻，钻进,,,,,,,,,,,,,,,,,,,,,,,,,,,,,,,1,,,,,,,,,,,,,,,,,,,,18:15,24:00,0:00,,,,
巴22,1992-9-02,1809,15,30,117,45,18,1.330000043,41,216mmB22M,,0.300000012,23:00,,0:15,,,,,,,,,,0:45,,,,,,,钻进，保养，钻进。,,,,,,,,,,,,,,,,,,,,,,,,,,,,,,,1,,,,,,,,,,,,,,,,,,,,23:15,24:00,0:00,,,,
巴22,1992-9-03,1824,95.75,220,117,45,15,1.350000024,46,216mmJ22,,0.300000012,13:30,8:00,0:20,,,1:00,,0:50,,,,,0:20,,,,,,,钻进，测斜，起钻下钻，钻进，活动牙轮，,,,,,,,,,,,,,,,,,,,,,,,,,,,,,,,1,,,,,,,,,,,,,,,,,,,,22:50,24:00,0:00,,,,
巴22,1992-9-04,1919.75,89.54003906,220,117,45,17,1.350000024,40,216mmJ22,,0.300000012,21:40,,1:00,,,,,0:50,,,,,0:30,,,,,,,钻进，测斜，钻进,,,,,,,,,,,,,,,,,,,,,,,,,,,,,,,1,,,,,,,,,,,,,,,,,,,,22:40,24:00,0:00,,,,
巴22,1992-9-05,2009.290039,94.31005859,220,117,45,18,1.350000024,42,216mmJ22,,0.300000012,20:50,,1:15,,,,,1:30,,,,,0:25,,,,,,,钻进，测斜，钻进,,,,,,,,,,,,,,,,,,,,,,,,,,,,,,,1,,,,,,,,,,,,,,,,,,,,22:05,24:00,0:00,,,,
巴22,1992-9-06,2103.600098,44.97998047,220,117,45,18,1.289999962,38,216mmJ22,,0.200000003,22:30,,1:10,,,,,,,,,,0:20,,,,,,,保养钻机，钻进,,,,,,,,,,,,,,,,,,,,,,,,,,,,,,,1,,,,,,,,,,,,,,,,,,,,23:40,24:00,0:00,,,,
巴22,1992-9-07,2148.580078,88.55981445,220,117,45,16,1.289999962,39,216mmJ22,,0.200000003,11:45,7:35,0:20,,,0:30,,1:20,,,,,,,2:30,,,,,钻进，起钻下钻，循环泥浆，活动牙轮，钻进,,,,,,,,,,,,,,,,,,,,,,,,,,,,,,,1,,,,,,,,,,,,,,,,,,,,20:10,21:30,2:30,,,,
巴22,1992-9-08,2237.139893,58.33007813,220,117,45,16,1.289999962,35,216mmJ22,,0.200000003,20:20,,1:20,,,,,,,,,,1:40,,0:40,,,,,钻进，保养钻机，钻进，修管线，钻进,,,,,,,,,,,,,,,,,,,,,,,,,,,,,,,1,,,,,,,,,,,,,,,,,,,,21:40,23:20,0:40,,,,
巴22,1992-9-09,2295.469971,68.72998047,220,117,45,1,1.299999952,29,216mmJ22,,0.300000012,14:05,,0:50,,,,,,,,,,5:50,,3:15,,,,,钻进，气测，修仪器，机房修理，保养，钻进,,,,,,,,,,,,,,,,,,,,,,,,,,,,,,,1,,,,,,,,,,,,,,,,,,,,14:55,20:45,3:15,,,,
巴22,1992-9-10,2364.199951,4.800048828,220,117,45,18,1.309999943,41,216mmJ22,,0.200000003,22:40,,0:45,,,,,,,,,,0:35,,,,,,,钻进，保养，钻进,,,,,,,,,,,,,,,,,,,,,,,,,,,,,,,1,,,,,,,,,,,,,,,,,,,,23:25,24:00,0:00,,,,
巴22,1992-9-11,2369,0,200,117,45,18,1.309999943,41,216mmJ22,,0.200000003,1:50,6:00,,,,2:00,,6:10,,,,,8:00,,,,,,,地质观察，钻进，测斜，拉井壁，起钻，电测，5：00完钻,,,,,,,,,,,,,,,,,,,,,,,,,,,,,,,1,,,,,,,,,,,,,,,,,,,,9:50,24:00,0:00,,,,
巴22,1992-9-12,2369,0,,,,,,,,,,,,,,,,,23:30,,,,,0:30,,,,,,,电测，井壁取心，准备通井，,,,,,,,,,,,,,,,,,,,,,,,,,,,,,,,1,,,,,,,,,,,,,,,,,,,,0:00,24:00,0:00,,,,
巴22,1992-9-13,2369,0,,,45,9,1.320000052,58,216mmJ22,,,0.200000003,,,,,,,,,18:00,,,,6:00,,,,,,,下钻通井，循环起钻，搞井口，下套管，,,,,,,,,,,,,,,,,,,,,,,,,,,,,,,,1,,,,,,,,,,,,,,,,,,,,0:00,24:00,0:00,,,
巴22,1992-9-14,2369,0,,,,,1.309999943,46,,,,0.200000003,,,,,,,,,23:00,,,,,,,1:00,,,,下套管，循环，等固井，固井，候凝，,,,,,,,,,,,,,,,,,,,,,,,,,,,,,,,1,,,,,,,,,,,,,,,,,,,,0:00,23:00,1:00,,,
巴22,1992-9-15,2369,0,,,,,,,,,,,,,,,,,,,8:00,,,,,,,16:00,,,,候凝，等电测声幅，,,,,,,,,,,,,,,,,,,,,,,,,,,,,,,,1,,,,,,,,,,,,,,,,,,,,0:00,8:00,16:00,,,
巴22,1992-9-16,2369,,,,,,,,,,,,,,,,,,,,5:00,,,,,,,1:00,,,,等电测声幅，测声幅，15：00完井,,,,,,,,,,,,,,,,,,,,,,,,,,,,,,,.25,,,,,,,,,,,,,,,,,,,,0:00,5:00,1:00,,,
巴21,1992-07-26,49,,30,67,63,5,1.059999943,180,445.5mm P3,,,0.300000012,10:18,,2:40,,,4:52,,,,,,,3:40,,,,,,,"2:30一开,5:00钻进,8:00整改,24:00钻进.",,,,,,,,,,,,,,,,,,,,,,,,,,,,,,,,,,,,,,,,,,,,,,,,,,,17:50,21:30,0:00,,,
巴21,1992-07-27,73,,30,67,63,12,1.110000014,180,444.5mm X22,,,0.300000012,8:18,3:30,0:57,,0:30,3:45,,,,,,,7:00,,,,,,,"8:05钻进,10:30接链条,13:00钻进,14:00循环,16:34起钻,22:30辅助,24:00下钻.",,,,,,,,,,,,,,,,,,,,,,,,,,,,,,,,,,,,,,,,,,,,,,,,,,,17:00,24:00,0:00,,,
